date,oil_temp_c,winding_temp_c,load_percent,insulation_resistance_mohm,partial_discharge_pc,oil_quality,maintenance_performed,health_status,failure_mode
2024-12-11,64.15589138404995,70.42031297867909,86.6187830260819,1430.448514935707,52.38368982734785,Fair,0,Healthy,Normal
2025-01-17,62.67344771609973,69.36430987417519,100.0,1387.2772253703636,52.537396614945735,Poor,0,Healthy,Normal
2024-12-18,61.94115454547357,69.77777921770952,70.7069777548274,1448.0684265094608,35.93682536328166,Fair,0,Healthy,Normal
2026-03-27,60.59622955198635,80.79235011010788,67.64798965236753,1624.2156189042971,47.569388011191336,Poor,0,Healthy,Normal
2024-10-04,61.71552860514302,63.71853410390836,80.36652752527286,1221.8854871201884,95.68953310665069,Fair,0,Healthy,Normal
2025-12-06,61.21618011492037,56.86046977012868,86.94592220513731,1571.8789364881534,50.5166097685108,Poor,0,Healthy,Normal
2024-08-03,67.15020823595535,76.18170072419105,77.38789159026514,1413.946106305592,55.53650150915022,Poor,0,Healthy,Normal
2025-04-11,56.1188238355084,72.45191686888403,64.70628491817928,1398.549728561735,34.77640813782109,Good,0,Healthy,Normal
2024-03-27,72.51178526048014,70.44456868251865,91.28615545571292,1396.4923906338831,32.96617560644845,Good,0,Healthy,Normal
2024-10-13,66.99843975876321,66.09185863724903,69.71383318250243,1145.631157643721,105.38283071433636,Good,0,Healthy,Normal
2026-03-19,69.29792436171778,70.4788089043524,86.39555536025469,1470.9478526585392,39.01379574822188,Fair,0,Healthy,Normal
2024-03-08,62.18137723598013,65.0666776266014,77.43687211491913,1518.3724928331544,44.9305682462887,Good,0,Healthy,Normal
2024-08-06,75.44187352390364,69.16246223106896,86.08182816737516,1345.2186744704434,65.1277390506257,Fair,0,Healthy,Normal
2026-09-22,61.32441599637706,68.88445311430738,59.006052378056886,1670.7814873539976,37.65488001577605,Poor,0,Healthy,Normal
2025-09-13,63.661794545506034,75.08062465129896,53.727725796485046,1492.567927481905,43.97179344216038,Good,0,Healthy,Normal
2024-11-02,61.988939698191096,72.81264553645015,65.01614560811709,1522.63439248646,57.6608027838469,Poor,0,Healthy,Normal
2024-01-31,61.59987639210755,71.39352218296602,77.93072473298682,1446.4236436480223,68.65774511144757,Good,0,Healthy,Normal
2025-03-07,65.03399922279999,68.85976578999103,71.42554577189573,1486.4706238678193,63.7284847467653,Fair,0,Healthy,Normal
2026-04-05,64.19684440237253,67.09495629250758,65.33753680246745,1486.846615807598,54.91505647246784,Poor,0,Healthy,Normal
2026-05-21,70.35964932605899,64.72430330552807,78.4859511986098,1490.611917871263,58.46882103884914,Good,0,Healthy,Normal
2025-12-27,68.65690126287497,73.54253236750878,73.57853463059453,1525.4015488441269,60.29457481598357,Fair,0,Healthy,Normal
2024-04-30,56.10639875547861,78.9762658689351,81.54365656354058,1495.8311496817155,52.79968626319821,Good,0,Healthy,Normal
2026-04-24,66.45448528795004,58.02680931728957,63.78756259905608,1569.7057488593111,48.678634110984525,Good,0,Healthy,Normal
2026-07-30,63.718595878742136,68.58450082412726,70.93114755495625,1459.8932496866755,52.94971455708821,Fair,0,Healthy,Normal
2026-07-28,67.47902510513785,70.00971418814164,79.14772890788791,1620.3254331231446,47.14905742957986,Good,0,Healthy,Normal
2024-01-24,59.15660981190234,76.85693688709013,82.51933032686775,1559.3273960282283,40.906125452052606,Good,0,Healthy,Normal
2024-08-19,67.8195456002618,73.56852604999172,83.53415558780307,1412.126117320245,68.31191423969375,Good,0,Healthy,Normal
2024-09-11,61.070052697460255,62.01260227865333,56.63794626896704,1288.9272548964534,65.96633393826127,Fair,0,Healthy,Normal
2025-04-13,59.4173778002567,77.41486972004164,73.44101822063332,1458.878452763205,51.60018225852788,Poor,0,Healthy,Normal
2024-03-11,64.90491896048655,63.98482381217315,74.8148686400761,1478.3506020809896,53.227185603380896,Fair,0,Healthy,Normal
2025-08-08,72.6050311357969,64.30650087505097,92.47363197915558,1569.9143673195288,47.63444712781054,Poor,0,Healthy,Normal
2024-04-17,72.2078431032895,55.170132999236266,67.03104744529523,1543.2804095385404,47.96954613957007,Poor,0,Healthy,Normal
2025-11-13,64.44245586428528,65.17020111488463,71.12300083591438,1468.9788250777767,45.22354417395995,Fair,0,Healthy,Normal
2024-06-14,61.16101217447936,69.79189067567931,77.3421473253652,1616.2875369610556,40.016459592612094,Good,0,Healthy,Normal
2025-05-15,75.28271782414771,63.214669388044506,79.73632076811454,1430.5214152513845,55.55512646342248,Fair,0,Healthy,Normal
2026-09-25,75.92547447518056,65.87970794198023,91.23884992811152,1528.7376142319176,54.99095816137749,Poor,0,Healthy,Normal
2026-02-18,60.21939126506113,67.90336403669826,67.27431251243759,1482.0907713983677,62.30222175650788,Fair,1,Healthy,Normal
2024-02-29,66.53649760438304,74.87717271303376,81.29628841923612,1437.8253741808446,44.39818959803031,Poor,0,Healthy,Normal
2024-06-17,61.81130007874342,66.81401826998909,68.76859473575236,1458.339216062981,43.62612872693482,Good,0,Healthy,Normal
2025-10-29,59.02353118200378,78.70556528967526,93.07196643637886,1373.8005979407983,39.7597140911362,Fair,0,Healthy,Normal
2025-07-22,67.67408668172955,77.37388301493436,68.62692252971205,1534.3790027663615,29.129729813979317,Fair,0,Healthy,Normal
2024-02-09,65.76862552972764,70.349252310676,63.57029702169377,1526.8340520261213,55.60784526368234,Poor,0,Healthy,Normal
2025-10-25,63.2954606132696,72.56990015425143,75.77156496217717,1455.4641443948472,48.34368589682368,Fair,0,Healthy,Normal
2026-01-13,55.15538428791959,70.62062877584864,95.42076040143743,1520.8018846473506,49.77721020816287,Poor,0,Healthy,Normal
2024-06-07,65.1415918806523,70.17853683697447,84.38283805975998,1461.296645383697,50.96120776940983,Good,0,Healthy,Normal
2026-09-12,64.59477017639128,63.9493076047159,54.14102122266662,1389.5972195229906,36.2616517510134,Fair,0,Healthy,Normal
2025-03-24,56.10706207996742,71.91791095551386,69.95820168992329,1493.8857995173769,53.47676483538336,Poor,0,Healthy,Normal
2024-05-16,68.55479984101746,72.66557986891624,71.3903383418092,1586.9497352523183,39.18936672400103,Poor,0,Healthy,Normal
2025-01-13,68.19025550720379,73.00506684966675,56.989422658472606,1459.2994650199485,42.12216248091761,Fair,0,Healthy,Normal
2025-03-05,67.33179187223168,75.9240070995346,74.24048976357477,1476.0114357558866,51.51757992248741,Fair,0,Healthy,Normal
2025-01-16,63.56997889059944,76.60575780999143,94.58347454220592,1407.7837804160688,54.966992232365214,Good,0,Healthy,Normal
2024-09-01,60.98162716015135,79.83470083266441,91.7770081407644,1265.9614054648096,77.68983079185276,Poor,0,Healthy,Normal
2025-04-27,62.81617881380891,60.36053739556792,92.4958390420542,1603.6090559017864,37.07737304894381,Good,0,Healthy,Normal
2024-10-27,64.5865965707865,69.2695149497003,90.13449743242133,1547.3108763416085,39.758131756707954,Fair,0,Healthy,Normal
2025-01-24,64.24363358173244,68.83055031788392,86.33770096867065,1544.5167541710646,20.5961136533572,Good,0,Healthy,Normal
2026-02-20,58.60484631890107,73.0917659297468,66.65718189965375,1663.8072550035342,55.70507208354516,Good,0,Healthy,Normal
2024-05-19,57.95769351818221,60.660224958856574,81.0600995134564,1403.9677985627786,67.54794181984364,Poor,0,Healthy,Normal
2026-01-15,65.08806625966828,64.1478038363305,88.03507931934759,1549.8527058999832,44.47079162632698,Good,0,Healthy,Normal
2024-10-26,72.3876504052763,63.149865315198966,73.06340540720282,1016.7055431462172,80.83463382926939,Poor,0,Healthy,Normal
2024-03-17,61.20433669223151,70.90236271885725,78.4175597577716,1640.7128129411915,59.5042383818605,Good,0,Healthy,Normal
2024-09-18,64.06514348507277,70.33989954938264,80.2969275435673,1221.1801873744291,85.36501643826202,Good,0,Healthy,Normal
2024-08-23,60.15827772568183,70.63225303687575,61.65974505081795,1302.133196899775,70.69781934142537,Fair,0,Healthy,Normal
2025-09-18,59.22818665883508,59.48902715948969,71.10076293440555,1511.85401174401,49.0337632998511,Good,0,Healthy,Normal
2024-06-23,64.91788551963624,77.13035964068851,100.0,1460.184842030976,45.10560557481778,Good,0,Healthy,Normal
2025-03-16,72.09801502256819,66.39745860556776,56.33460048639384,1575.5635267377693,43.15370174239996,Fair,0,Healthy,Normal
2025-07-25,67.28843293026776,53.51497094364859,70.00269823848369,1460.5314107611937,63.88337778208448,Good,0,Healthy,Normal
2024-03-04,69.18477455137092,71.94499811493066,73.69856945632316,1475.453379502996,55.95157025436914,Poor,1,Healthy,Normal
2026-04-11,59.54895796600285,64.08676239567443,65.30256280365326,1508.2901488105456,43.73684723816993,Fair,0,Healthy,Normal
2026-04-21,66.05334232601555,71.25720538157677,64.08374827840898,1517.53860193422,60.35443416416945,Good,0,Healthy,Normal
2025-09-06,61.35198765096296,72.16850390363862,62.06858456241352,1542.9292733381758,54.50603412862539,Good,0,Healthy,Normal
2026-04-14,74.28323718280977,67.10940417343915,78.24458604352517,1364.7102905578226,26.08043795686976,Fair,0,Healthy,Normal
2025-11-21,72.65097599431675,73.98956297381045,65.754358856219,1380.1800622803426,46.729826823902286,Poor,0,Healthy,Normal
2026-06-08,60.21215522492394,66.46400661143583,70.41361363898915,1564.2526860181918,66.77377087805489,Good,0,Healthy,Normal
2025-03-13,64.99645702711678,62.497553596181696,81.04515326355367,1566.1749796742558,45.4790966716692,Good,0,Healthy,Normal
2025-12-07,66.14537344102851,76.44590807629336,77.24339656778082,1567.8013166070984,47.0251779912615,Fair,0,Healthy,Normal
2025-03-26,68.39686641478252,63.10723578904806,81.66312500909211,1534.6943469640464,32.741932712094034,Fair,0,Healthy,Normal
2024-03-29,66.83299123048424,64.36072128203587,69.86133082663306,1420.5589858583287,49.37320902726828,Poor,0,Healthy,Normal
2025-12-01,68.39473493881117,65.12558590637548,74.50970659161963,1487.9729939216377,53.30851304615578,Good,0,Healthy,Normal
2024-07-28,61.64188316030975,69.84667557405133,86.72729019259364,1499.1692212815285,50.79385667913894,Fair,0,Healthy,Normal
2024-09-22,65.85208111187744,70.96344388629919,75.03046020153414,1233.8801419984356,94.40646274786342,Good,0,Healthy,Normal
2024-12-01,63.705475131479616,73.52016280885165,70.25096343377476,1565.3472973092933,36.54020319753251,Fair,0,Healthy,Normal
2025-05-16,62.006567442569526,69.49579911836949,72.04910085762094,1573.1862539508534,59.18454443942414,Fair,0,Healthy,Normal
2025-05-10,61.93881632746125,63.48909684065321,66.74589470021044,1721.1820818981544,62.44679580736786,Fair,0,Healthy,Normal
2025-10-30,63.60094828811497,64.21277323053886,80.05965553455866,1445.379584819504,71.65056067806603,Good,0,Healthy,Normal
2025-09-26,60.23841809630601,65.93802916924881,67.27340554729176,1562.2643858896956,59.00398588395064,Good,0,Healthy,Normal
2026-07-08,65.64308725202483,68.64606171572649,88.89024362962762,1547.7993512267303,66.16300042721917,Good,0,Healthy,Normal
2026-01-01,69.19734252259202,77.30916827052553,85.57368305378225,1565.4147750054733,46.84913268805892,Poor,0,Healthy,Normal
2025-11-19,69.889077748431,57.36611834895805,86.53590343316925,1603.976204794713,46.97819413017378,Fair,0,Healthy,Normal
2024-04-06,73.43570817536282,75.2898385416967,74.92027358683383,1610.9958104167522,50.77368307647618,Good,0,Healthy,Normal
2025-04-10,58.17022144399733,77.2716639123184,77.61250531233856,1472.3042145565348,51.43388467342251,Good,0,Healthy,Normal
2026-05-16,53.14170319570554,82.25241791756729,77.95279940620868,1441.762564463025,51.57127918990941,Poor,0,Healthy,Normal
2026-05-04,59.36251950523481,76.76745395952142,76.54493665595251,1474.758555759137,49.80126364631688,Poor,0,Healthy,Normal
2025-04-24,64.78261525093069,60.81335498466567,80.14254756017834,1542.9043081285608,49.37808983000689,Good,0,Healthy,Normal
2026-08-07,63.00060880665814,69.31215498696164,77.64268271645636,1488.7412286559645,37.35993832052636,Fair,0,Healthy,Normal
2025-09-02,64.07077123903626,71.85999389899332,74.43411511100105,1591.4228092345247,30.488981359613756,Good,0,Healthy,Normal
2025-09-28,68.67810998622873,80.69079345262637,58.43376792322226,1460.6663897803012,42.64696539318048,Fair,0,Healthy,Normal
2026-09-02,66.52621563265676,73.52435019883607,89.1418728833109,1533.5545452801732,44.98765892209787,Poor,0,Healthy,Normal
2024-03-13,68.45071995855557,67.59267716868499,77.24092481810416,1500.944430058635,50.97676098548832,Fair,0,Healthy,Normal
2025-07-17,59.16110224366032,71.30065338257577,64.02697472367156,1455.8349879945977,41.627375689503,Fair,0,Healthy,Normal
2024-02-14,68.43130095187257,60.32370477286209,70.28068134210567,1581.6712947725523,50.64280019095463,Good,0,Healthy,Normal
2026-02-13,70.04735894297984,64.93035136843902,60.00984039541599,1493.1116426748783,49.12564671222819,Poor,0,Healthy,Normal
2024-07-17,71.99677718293,75.54780209747662,75.59630369920174,1451.479741672082,56.982233136135896,Good,0,Healthy,Normal
2025-10-01,64.80490240311228,67.49254272540466,54.74192126888623,1419.6860685986671,69.11419087139723,Poor,0,Healthy,Normal
2024-10-08,67.53917878144811,73.2297764742978,85.72507337309803,1114.7798087802028,82.10790332660994,Poor,0,Healthy,Normal
2025-07-11,63.39378616941044,80.9953422608752,83.14151762118266,1536.155004550154,53.6873314731752,Fair,0,Healthy,Normal
2026-06-23,69.26234321716476,62.6248984131975,89.5211769918256,1501.061194872432,44.0358859203112,Poor,0,Healthy,Normal
2024-09-23,69.74777067720662,61.09061218930058,49.46078865098045,1259.1993426610422,69.33121301584579,Poor,0,Healthy,Normal
2025-12-24,67.75398786136832,72.66864284698957,66.74346317197858,1511.2022611703392,53.64140296054661,Good,0,Healthy,Normal
2024-10-17,62.09738275097639,73.53147042652365,91.69904504351406,1116.6082662578085,83.04116937964815,Fair,0,Healthy,Normal
2024-10-19,61.0755084345888,73.88968260306315,73.79051851392218,1108.7806117041516,87.125078221979,Poor,0,Healthy,Normal
2024-11-18,74.36648888108773,76.4802883942879,70.52678104341248,1596.0762271301337,50.67855510527404,Poor,0,Healthy,Normal
2025-07-20,70.89862604180355,71.16464578572014,69.68785705392402,1536.290748839103,38.977078501635766,Fair,0,Healthy,Normal
2025-10-18,65.39226291804782,72.49867622860872,74.4609515099426,1569.6012216605177,61.21857856230471,Good,1,Healthy,Normal
2025-04-23,66.95347960464072,62.0411672301335,85.47317706621448,1587.719249432083,47.70609255931972,Poor,0,Healthy,Normal
2025-03-27,61.61217673832172,77.16465641828424,65.18834468860318,1465.169680326796,54.62060893251896,Poor,0,Healthy,Normal
2025-07-08,63.20185163773769,71.80664403515046,76.83834516322504,1701.9775247985372,53.49800024567907,Poor,0,Healthy,Normal
2026-08-14,65.42252572846431,74.78796729767342,84.23508616047368,1421.203250862915,58.68772500590771,Poor,0,Healthy,Normal
2026-04-10,70.48650093771855,60.60611181036642,44.92367660306243,1542.8384554664406,52.43657223702714,Poor,0,Healthy,Normal
2026-07-31,57.51371177410678,77.68563746000036,68.34577701870539,1554.1427614078607,37.30001402606124,Good,0,Healthy,Normal
2024-11-11,65.43071941523188,63.56716592808636,45.78649516505393,1532.741985311825,59.03934841086196,Fair,0,Healthy,Normal
2025-05-23,82.09225558328332,84.59227658025551,75.38237994960028,1391.3556439024842,47.00323351993213,Poor,0,Healthy,Normal
2024-11-16,64.09760043204687,89.15864540706917,77.98752908365687,1443.615671242861,45.736424037944566,Poor,0,Healthy,Normal
2024-03-01,68.7364680256163,73.66222159260079,74.79098406035853,1508.7995537481586,62.77664895788425,Fair,0,Healthy,Normal
2026-06-20,69.196745571158,75.23694610603381,65.33843276629582,1494.0458681695725,46.99534051279296,Poor,0,Healthy,Normal
2024-10-30,59.40191283355495,70.84531748146722,57.31560634437149,1524.2375785638587,48.52397413701331,Good,0,Healthy,Normal
2026-07-15,68.4638451592443,76.63499839776827,83.61436525632806,1518.8487486178576,47.686990570703,Good,0,Healthy,Normal
2026-01-19,62.24724034145756,71.89814992921687,66.14751313875777,1513.5797057078312,63.03278037316064,Poor,0,Healthy,Normal
2024-03-07,69.87559866708875,69.11765571098717,66.74502803207488,1475.8960618760257,54.12931454275624,Good,0,Healthy,Normal
2025-12-21,63.304388603649805,72.22036669161373,73.76267319900244,1534.3354207444338,45.03067974882022,Good,0,Healthy,Normal
2025-10-15,70.68657271182364,72.03131725771549,65.620744234636,1516.2468731553463,39.742473163597225,Good,0,Healthy,Normal
2025-08-29,57.427648454096165,71.92955926803543,92.5493307164724,1501.3801223087578,52.25264117247549,Poor,0,Healthy,Normal
2025-10-03,69.68957768755328,70.0749959314435,100.0,1374.8550555841352,60.58728529883879,Poor,0,Healthy,Normal
2026-07-07,67.61611592868516,62.67807586033614,54.82661201877589,1287.5755556261895,58.13980860197741,Poor,0,Healthy,Normal
2025-01-30,61.27548677596776,65.94893035015372,73.55481329284483,1440.568505925003,46.9203847036096,Fair,0,Healthy,Normal
2026-06-05,62.6941513398269,74.53938804947884,61.05504931140739,1579.041866422191,38.05477060233965,Good,0,Healthy,Normal
2026-01-04,67.12033430759226,70.23668228944443,60.64090476131472,1401.3138137679368,52.81009250281807,Poor,0,Healthy,Normal
2024-04-20,66.97226071189148,67.47409311507842,77.89774856896413,1655.6550598984077,58.711247034316926,Poor,0,Healthy,Normal
2026-08-19,77.74504854358861,73.18615656936527,76.4887680391769,1588.617578731436,73.43654052812624,Poor,0,Healthy,Normal
2025-03-19,67.92206490236242,81.85864350709292,59.357583882889486,1621.290943122647,51.04355937523213,Fair,0,Healthy,Normal
2024-11-04,63.86760554049236,72.20419304089707,84.13584626233249,1439.761578698974,64.92688568959522,Poor,0,Healthy,Normal
2025-09-23,74.14810100858044,67.54188044422301,82.12322159580162,1671.1238877404132,43.82358323066303,Fair,0,Healthy,Normal
2024-12-17,73.47525520215376,66.26410382959328,76.94607455237242,1444.3147060726465,36.79977488779294,Fair,0,Healthy,Normal
2024-07-11,65.64052207455394,65.91369005515071,83.40643548988724,1451.0532015523206,45.538165667852205,Poor,0,Healthy,Normal
2026-01-30,61.928384279518525,65.7412660465988,84.78889558556779,1397.1192653052371,66.08780855734373,Good,0,Healthy,Normal
2026-01-18,64.24839769864064,68.03982272088182,64.57422305329423,1412.082468492252,54.64369863546574,Poor,0,Healthy,Normal
2025-09-29,68.60739661878672,63.699155562387126,82.57495149337485,1602.7902107997536,56.95202900083999,Fair,0,Healthy,Normal
2024-12-09,63.25341601940901,69.88348236467361,71.96820217165724,1559.9956426456538,33.83689391563412,Good,0,Healthy,Normal
2025-07-24,66.46096364163186,68.87602588956175,52.61768766675028,1340.94748855237,43.93134822142824,Fair,0,Healthy,Normal
2024-05-17,68.07967803472133,73.5586075478103,71.9045356068601,1524.459976668159,37.488864236146966,Good,0,Healthy,Normal
2024-11-20,63.326123339467294,67.57810922054801,65.44877420650647,1531.7699299195097,70.62524919243145,Fair,0,Healthy,Normal
2026-03-07,61.09421810934443,68.44119915539493,90.9853811209634,1560.159634396359,58.62223511886977,Good,0,Healthy,Normal
2025-09-05,67.89928642647565,65.75864459207591,83.55555659020712,1623.711067074294,60.70610559979186,Good,0,Healthy,Normal
2026-01-26,63.00050468934432,71.6157685154844,74.55106969877463,1513.6875772949409,43.29884799545767,Good,0,Healthy,Normal
2025-02-25,68.59092862853967,72.63085443285837,75.1961665769399,1550.4645926975115,55.91814133741378,Fair,0,Healthy,Normal
2025-07-23,62.076911346714,69.8136464027746,65.90316583018166,1429.7620218907805,43.322204435311136,Good,0,Healthy,Normal
2025-05-02,58.81168788836351,75.21493638633564,83.87290837266742,1442.7535421866064,50.37937835447602,Fair,0,Healthy,Normal
2024-10-24,67.96263474600592,74.67016645699982,69.48814283671467,1019.992274374019,98.46625542589048,Fair,0,Healthy,Normal
2025-01-06,63.95389063127736,59.8993708466743,66.94129933503811,1572.3638724823093,66.15582823548232,Fair,0,Healthy,Normal
2024-11-13,61.35998529385433,68.90262135337096,88.74876419148185,1451.5526865656598,42.00807993349746,Good,0,Healthy,Normal
2024-03-19,70.89720060360644,67.18494608737177,57.86865470909122,1601.540428062406,48.85460154747382,Fair,0,Healthy,Normal
2026-05-13,60.8769387478262,71.65960459306709,86.95480650825479,1455.2528206041202,70.97939339132431,Good,0,Healthy,Normal
2024-09-07,65.8468041201804,61.51771301857012,73.88773938651299,1217.3758878566196,67.64470057410233,Fair,0,Healthy,Normal
2025-07-27,66.07698252728144,73.04961183804754,100.0,1343.691529537606,67.24696649761108,Fair,0,Healthy,Normal
2025-03-28,68.91695254641297,68.49076668373303,69.02489805308359,1606.677739627388,67.3889966379758,Good,0,Healthy,Normal
2025-10-17,64.99843163694112,62.90875524747519,79.49473912832306,1656.4535287152837,39.85240506814148,Fair,0,Healthy,Normal
2026-09-18,62.73292945808073,59.22614096421991,71.69909808298563,1554.962181136631,37.25767880923205,Poor,0,Healthy,Normal
2025-03-01,56.784055944229166,68.94487357340758,91.61470165728018,1501.566486622197,52.30700905718683,Fair,0,Healthy,Normal
2024-03-06,68.1417275463214,69.92651936291851,66.02745628514168,1505.6853418645296,43.22838288487888,Poor,0,Healthy,Normal
2024-05-21,66.99568057176036,69.77419178545091,86.03301882016521,1508.567073649653,51.50301761461878,Good,0,Healthy,Normal
2024-07-18,66.96742692710875,75.3711593201664,81.35171801681969,1578.71645364895,44.64764788439432,Fair,0,Healthy,Normal
2024-12-29,65.54279852888261,69.80062005613324,72.9188314272746,1490.35968664208,31.18150954502361,Good,0,Healthy,Normal
2024-09-04,57.22052176898186,71.98528139328674,83.33528961608924,1160.053581227334,77.24056569847572,Fair,0,Healthy,Normal
2025-11-07,69.20367241064774,71.24681504411988,62.07374652847737,1460.0873577654609,43.92645566787789,Good,0,Healthy,Normal
2024-09-16,67.37349116439977,69.84983824752914,83.17766299200287,1320.3105609630936,85.07810306351863,Poor,0,Healthy,Normal
2026-07-05,61.66405457611247,65.60218660525744,85.96069907477398,1531.8990981247584,34.55062653323242,Good,0,Healthy,Normal
2024-07-29,68.85849355324173,52.90874427621955,86.48765700372104,1328.4358225938931,51.37559058596868,Poor,0,Healthy,Normal
2026-09-16,68.41611507394404,69.31118650744561,80.6677172618418,1450.6970584503956,49.5103496914155,Good,0,Healthy,Normal
2026-09-01,70.31328645393764,67.74619800540678,88.51114089986714,1596.9558967138655,66.63732832143474,Poor,0,Healthy,Normal
2024-02-19,61.73335383713144,80.59272544168658,79.04981710960955,1405.4337034248715,59.17861947054776,Fair,0,Healthy,Normal
2026-01-25,56.03446773732712,67.70309686232218,73.76271053725164,1470.1740229789048,38.1596944177744,Poor,0,Healthy,Normal
2024-08-01,62.53121708419344,60.660508608041496,70.71884839034088,1549.667261909968,65.00221742113493,Fair,0,Healthy,Normal
2025-07-10,69.57695137780081,66.70275835242678,73.83234084204753,1452.3331618946695,67.38851351853332,Poor,0,Healthy,Normal
2024-11-15,63.73823248936856,68.24913238650673,59.36809191303343,1566.233233286037,49.22162802987198,Poor,0,Healthy,Normal
2026-06-25,59.11518943615016,80.9232634476509,69.33605408785277,1562.3712589635304,52.09470083647773,Good,0,Healthy,Normal
2025-07-14,69.75724638529043,67.80095787779169,57.96128413173281,1430.6650508902835,65.62888768508198,Good,0,Healthy,Normal
2025-11-12,61.92938717495842,70.84589619767236,90.88626928043595,1552.1551855912724,38.58991490247261,Poor,0,Healthy,Normal
2026-09-21,54.476252471404926,82.25306746320838,76.55324999199401,1529.8610448841905,49.42092250123091,Fair,0,Healthy,Normal
2026-08-20,69.35373322294201,75.69287857882972,76.30690024464383,1489.3855684974787,45.24204555995099,Fair,0,Healthy,Normal
2025-08-12,65.39962086743742,75.46817633304833,76.0575379127148,1516.304381360103,41.53684022534264,Fair,1,Healthy,Normal
2024-02-03,74.48396491326974,68.52767130398277,67.4626383564251,1433.2864177780857,41.841897150345616,Good,0,Healthy,Normal
2024-02-01,67.36916460455893,62.852179016784106,81.5655360863383,1426.8988747329508,57.87084603742452,Poor,0,Healthy,Normal
2026-01-24,60.03068662582574,72.52114925736996,66.43501762590802,1507.325278256125,37.35501593045034,Poor,0,Healthy,Normal
2026-09-06,63.97186073178376,70.4969954231086,67.71828099030185,1631.1102801840625,60.40061819902576,Poor,0,Healthy,Normal
2025-04-14,67.50891368083772,76.70439289541477,89.48499229892926,1473.017351565819,36.73952313917962,Good,0,Healthy,Normal
2026-06-14,70.37166502385122,72.97840070640365,95.75065039348542,1588.5096130306144,61.44293068559939,Fair,0,Healthy,Normal
2025-08-10,59.71721178619874,77.33849840257196,72.41145599630168,1526.4378726267662,44.29648633586319,Poor,0,Healthy,Normal
2024-10-07,61.78240884809929,75.56704076848743,75.57013124897084,1155.3097598952058,105.28468426412532,Good,0,Healthy,Normal
2024-04-19,66.27210421650607,72.02561597245122,70.88123033877532,1463.429533194563,45.67441812180379,Good,0,Healthy,Normal
2024-03-18,62.11548172168799,64.60951197190985,79.91919171506505,1400.9825094734515,68.31458765854353,Good,0,Healthy,Normal
2026-03-05,62.5958310524401,74.17700798295573,69.82307427130786,1493.3931566978194,71.69936588080543,Fair,0,Healthy,Normal
2024-09-17,65.0517630992169,62.12898260589904,64.34886336924627,1211.228680682188,73.90487797840717,Fair,0,Healthy,Normal
2024-03-23,66.66157005989795,65.50908078066068,90.51151975522524,1508.6755975719643,61.792971840638266,Good,0,Healthy,Normal
2025-05-17,61.97141311776808,74.3296046659991,67.90420145250827,1405.61213169935,47.82982949575629,Good,0,Healthy,Normal
2026-07-25,66.0530041964882,67.06914351933784,90.92669998282884,1501.4508053108814,38.11036580465039,Good,0,Healthy,Normal
2025-08-02,64.67905911445752,70.55051490669024,77.52240396426677,1491.2828217658532,52.14713183170527,Poor,0,Healthy,Normal
2024-12-30,62.25637546129519,70.5570694068467,76.598563919974,1422.9243644305532,62.65707840864701,Poor,0,Healthy,Normal
2026-01-16,70.00912426840969,67.01457496968875,67.17996507488964,1443.0222661889786,32.28931446911909,Fair,0,Healthy,Normal
2024-12-24,64.46293870418833,75.37022988445669,70.1693894831656,1526.9051794759655,66.12220628255425,Fair,1,Healthy,Normal
2024-01-03,62.68291153593769,67.20562147857846,77.41962271566034,1356.503981650665,32.75082167486967,Fair,0,Healthy,Normal
2024-04-11,60.46218168979201,66.53937201659001,82.55391225825755,1537.5687890718286,40.22444755201449,Fair,0,Healthy,Normal
2024-12-19,64.58447213685653,60.97167775581399,82.60055963689602,1506.1829814700875,35.4244850053507,Poor,0,Healthy,Normal
2025-10-13,63.55980563038962,78.51118807088822,50.1219134346492,1595.772403956614,53.38023481101708,Fair,0,Healthy,Normal
2026-05-20,60.4966430874376,64.21479957146053,85.80056059139311,1570.7091385605056,54.87305237044995,Fair,0,Healthy,Normal
2024-07-27,61.87218649245235,72.37482120062445,79.94030186282738,1483.08131965831,48.4969484615458,Fair,0,Healthy,Normal
2024-01-06,65.55461294854933,63.09403853546618,78.75698018345672,1454.9520982560896,47.08306250206724,Fair,0,Healthy,Normal
2024-02-24,70.8158187607748,70.06139836611752,65.18491348952048,1534.6577605697453,51.9905969557347,Poor,0,Healthy,Normal
2024-10-22,71.31292051713591,66.68885112464532,100.0,1042.2422225219975,99.34551303197036,Fair,0,Healthy,Normal
2026-05-25,59.56972708940957,77.53242165675938,84.45869643684145,1432.4557235597954,38.67215048732256,Good,0,Healthy,Normal
2025-01-01,59.0318158412176,75.51492504166,85.00582318042979,1449.7034843192516,63.92465300064329,Fair,0,Healthy,Normal
2025-02-27,57.6623736712378,70.9885650474191,75.50887701856018,1513.0006248277807,52.43953197908501,Poor,0,Healthy,Normal
2024-04-07,60.693578993358685,79.13874446361794,80.38910043684659,1422.2065384255156,48.09661321916392,Poor,0,Healthy,Normal
2025-09-10,64.30301399668383,74.43791891034803,55.90643912492708,1598.8726743639502,50.72680524329341,Good,0,Healthy,Normal
2024-07-23,63.71311731288328,59.98849555673446,78.9922312260528,1529.957219131973,47.16813537700626,Good,0,Healthy,Normal
2026-02-12,57.96592495251231,73.5154252069879,67.63229864052379,1393.8549606056858,52.185340424109455,Poor,0,Healthy,Normal
2025-10-11,67.77028885557954,64.82978157846244,75.30031479164082,1338.5712341543117,58.76455645502936,Good,0,Healthy,Normal
2026-08-18,54.10894340134285,66.82319821895796,69.38157900648301,1535.9520715072067,23.75182943625888,Good,0,Healthy,Normal
2026-07-14,56.84332444791463,72.88156300843555,64.4489232451955,1561.7087085625503,40.37348988081024,Fair,0,Healthy,Normal
2026-08-11,55.42969964706266,73.95670744668166,66.9605158527252,1523.0509212530976,47.52247581760291,Fair,0,Healthy,Normal
2026-05-22,64.42387883723902,67.69034266953952,80.4090851856099,1565.7126875393426,43.31654805153198,Good,0,Healthy,Normal
2024-01-26,62.16851135198614,70.59790819052584,69.965243458838,1383.70024267004,50.68562974806027,Fair,0,Healthy,Normal
2024-03-25,68.22687974792574,78.21178934519409,65.35076539419896,1551.453859499883,60.58424486849588,Poor,0,Healthy,Normal
2024-01-11,66.62041984697397,67.6895063175021,68.23077999694041,1545.8757216630652,60.30999522495951,Poor,0,Healthy,Normal
2026-05-14,62.37184533007308,70.19444208004082,68.27514403993663,1516.7453126940195,32.57778307364725,Fair,0,Healthy,Normal
2024-10-02,61.23291064826908,72.7598328576347,68.22284630247894,1279.528133762485,88.86535331082737,Fair,0,Healthy,Normal
2024-12-13,68.38937659765453,66.07554590123546,56.69367103143543,1538.3401949643735,63.73658545162958,Good,0,Healthy,Normal
2025-10-04,64.13599131301768,74.63152092902006,79.41307151699246,1445.0132852167503,52.2899639245934,Poor,0,Healthy,Normal
2026-05-27,53.84765990437771,71.36010549096758,69.38442253669375,1458.51826373144,56.95863839093785,Good,0,Healthy,Normal
2026-07-16,62.11790211832578,78.82620814490262,68.00504779832357,1422.2200444822502,56.6536893503283,Poor,0,Healthy,Normal
2024-04-28,62.778533699619445,72.26380295826911,82.56988616645351,1430.837600686678,58.6960592010566,Poor,0,Healthy,Normal
2024-11-28,73.07687844734721,68.06607718473197,87.17158520825497,1614.0987038941837,59.9831089814796,Poor,0,Healthy,Normal
2026-02-23,61.958867462776205,72.17869376646713,78.11109991143195,1358.2763030927886,70.15275110460641,Good,0,Healthy,Normal
2024-11-06,68.68421948546217,68.31203465729072,75.66990717224871,1538.6954413278074,34.374541431134574,Fair,0,Healthy,Normal
2024-01-30,58.39771693457862,73.13164939370138,77.96984673233186,1518.7869637759406,53.46448209496975,Fair,0,Healthy,Normal
2024-02-25,61.99891561420603,70.41881250994011,71.14686403138239,1508.5138008938434,56.62130674521047,Good,0,Healthy,Normal
2025-04-28,68.44853902622597,66.98215137669195,77.6348721533106,1522.066809676012,47.65592199683678,Fair,0,Healthy,Normal
2024-11-29,62.84189843640976,72.42238054201965,74.75804393609084,1432.2223604452404,53.24359281721603,Good,0,Healthy,Normal
2025-11-03,67.52794620917938,78.93467864996974,97.71449745422797,1469.670193261203,54.914294527202,Fair,0,Healthy,Normal
2025-03-17,68.95312799581384,58.17937709372899,83.92597338299309,1409.1621053039414,57.30764119066525,Poor,0,Healthy,Normal
2024-07-15,66.04191403973776,57.74959078945426,72.52822617479403,1448.8511814001652,39.98379990105085,Poor,0,Healthy,Normal
2025-02-28,63.883988726825976,78.93918063161249,58.99096021523484,1437.8627231414816,48.96745239850953,Poor,0,Healthy,Normal
2024-03-22,67.57219417029374,74.26968926853334,63.75357908162131,1384.9414371948285,62.77676821898509,Poor,0,Healthy,Normal
2025-10-20,64.98798079540573,66.46437008926416,64.07836367281911,1562.606349474366,59.13771621385585,Fair,0,Healthy,Normal
2025-03-09,67.9427663488536,60.41125388869752,79.62172666081943,1651.823221746514,36.368259954071895,Good,0,Healthy,Normal
2025-09-24,57.324798762338204,58.71993979655342,82.12712028861331,1358.7637343956062,46.27680947062077,Good,0,Healthy,Normal
2024-11-07,62.35473661326853,74.76558807773097,62.45710576830751,1522.0168449124972,36.43418195376595,Fair,0,Healthy,Normal
2026-06-01,59.21441690643365,62.00122987133316,59.48487750941071,1549.6538876068855,61.88596823087008,Good,0,Healthy,Normal
2024-08-27,73.74788371593469,62.53682058765229,68.07094802204092,1276.92347883768,78.44924376944442,Fair,0,Healthy,Normal
2026-03-13,72.31097969358818,72.69181458708717,84.61987189071841,1482.224102249053,57.4990023942371,Poor,0,Healthy,Normal
2024-07-30,59.40165052686928,62.231911145674566,86.6082678737852,1416.5799703748548,58.96503881730716,Poor,0,Healthy,Normal
2025-12-28,69.36157690014225,63.14188412755763,83.20158186755485,1495.148354622561,50.72874098015515,Good,0,Healthy,Normal
2024-11-23,77.94781821009308,73.47779903928145,78.25796316582166,1514.5788226183,46.46833707189312,Fair,0,Healthy,Normal
2025-02-13,69.63107701120796,75.79238490754702,87.36130721806218,1506.649319322108,51.97315707405596,Good,0,Healthy,Normal
2024-08-15,57.799745587028525,79.56703037934983,66.53038651681672,1310.168282313724,41.966098863962856,Poor,0,Healthy,Normal
2026-05-10,64.76314648727782,60.50693941992324,65.59601083515646,1457.9429319765104,29.637794971440638,Poor,0,Healthy,Normal
2026-09-05,65.01573863453163,77.3799422106321,84.82683142769942,1394.9946957612742,55.87262413464177,Good,0,Healthy,Normal
2026-03-14,66.39633919108263,64.2945356218766,78.18521004798875,1425.6227502419767,43.67119725115208,Fair,0,Healthy,Normal
2025-04-03,69.19470250234806,66.29648088071846,69.4169824605397,1417.4884325271228,54.39501230620226,Fair,0,Healthy,Normal
2024-12-22,70.38003569299299,70.12786989203165,94.01190685753008,1495.4504389639037,42.91593233089537,Poor,0,Healthy,Normal
2024-11-25,70.69939280564523,77.90269040403919,73.81931473008922,1340.8608825743554,43.92178012905568,Poor,0,Healthy,Normal
2025-03-02,58.6991761741371,66.30183155176313,71.24803619676064,1476.1713677432824,62.81643795003769,Fair,0,Healthy,Normal
2025-12-16,65.55686300920026,68.92544028990307,78.95819781095923,1551.964181686336,57.3463754545933,Fair,0,Healthy,Normal
2024-11-30,59.10480104420099,77.12607633076938,70.35382702701607,1515.086974190463,52.83287871546142,Poor,0,Healthy,Normal
2024-01-08,58.89578175014489,71.25318157002853,55.40329876120224,1400.3860463326178,51.96861235869123,Good,0,Healthy,Normal
2024-06-04,68.05292872641911,73.35874268758624,85.80780725554622,1562.5441615911675,54.59180079228437,Fair,0,Healthy,Normal
2026-08-06,68.65479488188107,66.0960410357897,54.09697101146843,1487.2306314903071,47.34395439713895,Good,0,Healthy,Normal
2025-02-03,58.80370802573264,70.35959578159797,77.77376937958192,1602.049394687899,36.91179600880888,Good,0,Healthy,Normal
2026-06-15,58.06065724772099,74.58316210980054,74.4689319830309,1458.6763647346313,51.680153405325285,Poor,0,Healthy,Normal
2024-12-28,69.76568316956623,71.72274499121094,68.87562625359563,1527.1127643904576,38.56273792679338,Good,0,Healthy,Normal
2026-08-22,65.95458262071855,69.78201635174595,76.46935298386688,1460.8401322485006,80.76860370180503,Good,0,Healthy,Normal
2025-08-03,72.89059028781092,75.9126981136913,83.69154592496896,1465.8345355482095,41.10759171771676,Poor,0,Healthy,Normal
2025-08-04,69.77650279118876,75.25628075517876,89.72670675750982,1454.701453052308,47.70451344639653,Good,0,Healthy,Normal
2025-08-13,64.75458213280855,77.6341210006406,82.32492102779803,1471.198611141616,33.45112563771704,Poor,1,Healthy,Normal
2026-07-24,67.58997388195726,70.15722851664421,71.96435674734084,1493.9311996752983,20.0,Good,0,Healthy,Normal
2026-03-01,54.6745847687184,70.17074548709896,54.22188180143803,1475.9776646597518,66.43378155804534,Poor,0,Healthy,Normal
2026-04-17,71.77786467855174,66.3348541611696,80.04483256383017,1382.772427007156,38.2054033549222,Poor,0,Healthy,Normal
2025-08-18,57.26348005530817,76.49614632332244,70.28875348182122,1492.9772858445622,63.2579664754219,Good,0,Healthy,Normal
2025-05-09,68.95185948025856,72.04030776741334,80.70612997219531,1572.6138495399646,46.686916168166775,Fair,0,Healthy,Normal
2026-08-13,64.08073053420395,64.92596137303532,74.85901034093328,1495.3013833408634,52.41240248406729,Poor,0,Healthy,Normal
2025-02-16,62.24731575254208,62.67572544451505,69.9185980235269,1488.9164760886897,45.467515909769865,Good,0,Healthy,Normal
2024-08-16,61.80519126155249,62.06146123955501,91.4201516013637,1443.374434037839,57.118496548222765,Good,0,Healthy,Normal
2024-11-24,66.69241921730845,68.22759153916583,76.68460976269614,1598.8198151705972,39.93457434720359,Fair,0,Healthy,Normal
2026-09-20,68.66773906752933,70.05270192938889,72.62316683039016,1505.745680283875,44.88236442057696,Fair,0,Healthy,Normal
2024-07-31,64.76539710560408,72.86224496333872,75.76821891060256,1353.2396621911662,65.9626681944714,Good,0,Healthy,Normal
2024-03-20,71.1890815598673,60.4334340472338,69.00624977046228,1500.393277478864,50.46980593764742,Fair,0,Healthy,Normal
2024-05-28,61.94241098504026,61.56003341891066,65.76766753889096,1398.623654578775,40.241267470226674,Fair,0,Healthy,Normal
2025-12-08,71.55991869286973,71.92471435559611,76.94051943605874,1404.7454183465975,52.869558543017085,Good,0,Healthy,Normal
2025-08-20,50.83922200944716,67.293046849546,80.51740799910921,1590.0196312304124,45.36838637914601,Good,0,Healthy,Normal
2024-11-08,67.33214991216764,69.7861511062151,58.848681840944906,1587.3554515842875,42.65408423201951,Poor,0,Healthy,Normal
2025-11-05,68.41034745031315,70.7570674219718,72.77525103221734,1653.514664678967,43.25065981209448,Good,0,Healthy,Normal
2024-11-03,71.13466611942154,69.39907554112028,72.96326249823034,1434.151305993258,41.7311964596014,Good,0,Healthy,Normal
2024-05-13,63.14279567002104,61.55492983169307,67.22183312409125,1416.706811590063,67.52270443423623,Poor,0,Healthy,Normal
2025-07-18,61.960623696620914,66.76526378110613,69.51731205074923,1562.5000433835228,38.9513720693748,Fair,0,Healthy,Normal
2025-09-12,65.2066281613531,72.65801278268425,84.51549770574043,1423.4128156829777,54.734718990352285,Fair,0,Healthy,Normal
2025-05-11,58.24462816895989,62.06525225953858,79.81866061718492,1541.0448598033474,55.48883835317365,Fair,0,Healthy,Normal
2024-01-01,67.48357076505616,69.1704141929729,81.47688538100692,1614.2272392306018,47.65846625276664,Good,0,Healthy,Normal
2025-12-17,60.07098095666087,68.29506941242721,86.94762861876937,1567.0985390680405,36.27140548518936,Good,0,Healthy,Normal
2025-07-15,63.63003459085348,68.53969612374989,72.00161803725119,1642.8102442179754,66.25958915362062,Good,0,Healthy,Normal
2024-11-09,60.948737814928094,71.20341518338566,86.48637349428715,1423.8133635766203,50.61679849847972,Fair,0,Healthy,Normal
2026-08-05,66.45781838340986,59.85597023436129,65.21500454133394,1706.6413307789926,46.94389385846197,Poor,0,Healthy,Normal
2025-03-10,65.94853083805198,66.02810693322034,79.25887206193036,1501.4360833061814,43.5851309095569,Good,0,Healthy,Normal
2025-11-02,60.98587778024579,69.55616281843373,74.2433439567417,1647.9406632592354,36.14012057601002,Poor,0,Healthy,Normal
2024-06-21,68.29272136336415,82.0612272325981,73.2305277250595,1440.127706659616,36.20680771985473,Good,0,Healthy,Normal
2024-05-05,62.8655946502629,63.927373748439,58.451433281342304,1561.7377937971437,50.73317967188404,Good,0,Healthy,Normal
2024-12-26,64.34371516453848,70.46111129775261,72.75144018191921,1451.2498064382405,51.68654671966728,Poor,0,Healthy,Normal
2026-03-29,64.72039775738894,72.02774516939272,83.91303686869756,1500.3172394245614,56.188862980231534,Poor,0,Healthy,Normal
2026-06-24,63.50409113786283,74.85351561635632,69.15544708149562,1443.7981732932917,47.78463402416262,Fair,0,Healthy,Normal
2024-03-31,64.46484820022721,63.78854606548376,69.46350694652818,1410.1591580558363,69.6472513291639,Fair,0,Healthy,Normal
2026-07-29,65.69322591855043,63.48324220491154,66.31739038401668,1507.335996981998,61.03933546701907,Fair,0,Healthy,Normal
2024-06-30,66.39510762885169,73.64737905829924,76.86609123156359,1466.5174789087105,51.94089992898308,Poor,0,Healthy,Normal
2024-10-01,68.71047686004654,71.79575548243895,88.01741289398798,1258.114178329012,87.32004149065767,Poor,0,Healthy,Normal
2026-06-16,69.72605767305741,73.00498954602527,66.2152619865794,1555.6844185194464,43.62412457924036,Poor,0,Healthy,Normal
2024-03-10,63.932764241440765,71.86544539358803,89.75356216949552,1564.3244717401517,48.40061470036573,Good,0,Healthy,Normal
2024-10-18,67.22301334110071,77.17978891987391,68.90217095680617,1083.192713987159,95.64688194729196,Fair,0,Healthy,Normal
2024-05-11,62.282876144331176,65.72292530393702,76.06430227691897,1480.8767086934358,65.0399298858269,Poor,0,Healthy,Normal
2024-10-28,74.27046283167094,77.32620217315211,80.82097703468615,1483.0136925862626,40.4056076327652,Poor,0,Healthy,Normal
2025-01-18,67.33846585882716,76.51471794963608,75.97983153470895,1523.1037904628076,46.08351432578209,Poor,0,Healthy,Normal
2024-05-24,62.30120159845319,65.33017164758613,76.95845255097682,1426.6220416788726,54.08252755714472,Good,0,Healthy,Normal
2026-04-20,65.82147382685285,83.17733885291679,79.9298645851446,1495.6861685245904,60.75343401956898,Fair,0,Healthy,Normal
2024-05-15,67.4468728061396,62.66723314664833,82.12998430172388,1481.97559513814,46.251791924504026,Poor,0,Healthy,Normal
2024-06-13,62.89906591452071,68.30929234683695,61.555494889657226,1431.101104013685,39.95859233247932,Good,0,Healthy,Normal
2024-01-29,56.96258382719386,71.10780315119382,77.59882794248423,1558.6367153832982,37.63049289121918,Poor,0,Healthy,Normal
2025-07-30,62.749935710020935,77.54289530117543,69.64664912983777,1526.8840213657218,42.69043724284526,Poor,0,Healthy,Normal
2024-07-12,55.552296345272346,67.28616208450553,50.76120673371044,1381.2072882385708,57.604146561442974,Poor,0,Healthy,Normal
2025-12-14,61.40445274275407,82.29887257471556,75.00682818957483,1558.6597501148594,42.09100618332447,Fair,0,Healthy,Normal
2026-01-28,63.98737886467585,66.83021772002212,85.36087651046256,1393.2768806053746,40.29875739620356,Poor,0,Healthy,Normal
2024-06-18,70.94508265553776,78.52302548793912,69.29253706250523,1437.5733320171828,54.71415556386404,Fair,0,Healthy,Normal
2025-05-13,63.85100184712403,64.89156139443811,76.75211418908512,1723.8944251952555,53.67481665474304,Good,0,Healthy,Normal
2024-05-20,54.59035296058139,80.17873820974023,77.11017467202619,1492.7465166097206,44.550809131910505,Good,0,Healthy,Normal
2024-06-22,61.34534980029041,69.80123816275722,92.94557863517788,1461.1791525722872,52.237879516388986,Good,0,Healthy,Normal
2024-01-07,61.991466938853016,81.11366910705362,74.86502775262066,1420.6716803283075,58.225449121031886,Good,0,Healthy,Normal
2025-10-16,70.50410699211302,76.3682257892388,80.32006198821944,1527.1245795935265,67.61188124867374,Fair,0,Healthy,Normal
2025-12-19,60.82838477254209,74.58417868943715,59.571984847903536,1452.543372758622,55.96441137581753,Poor,0,Healthy,Normal
2024-03-14,61.134951080722665,70.14706104555366,79.9799829124545,1608.835770584628,59.59270826085207,Good,0,Healthy,Normal
2025-11-24,61.863432770243485,70.27133625399989,75.51197901881085,1462.3661855391351,36.27534452115899,Poor,0,Healthy,Normal
2026-01-11,62.05173573591579,64.02910910887972,73.18496837864333,1542.8657312344071,51.784766638853895,Poor,1,Healthy,Normal
2024-08-26,65.24430035162852,70.24355014722329,67.98008312193245,1284.9502340287395,54.97394728200307,Poor,0,Healthy,Normal
2024-05-25,56.4870819788108,76.17493382395386,79.72597482413043,1519.2022300735407,59.82690983945514,Fair,0,Healthy,Normal
2026-03-10,68.82939139740307,60.30467927553716,77.99647687837349,1569.9326153216002,45.84899711036631,Poor,0,Healthy,Normal
2024-08-22,66.10010419804911,60.57699637826094,65.10371863429663,1493.2610055000894,57.1751260646169,Good,1,Healthy,Normal
2024-08-08,69.35033865344377,72.97409132783562,76.50418905143576,1435.7297506738687,84.03415585238275,Fair,0,Healthy,Normal
2026-06-03,69.25039666208777,72.5060845134364,76.07444374340892,1529.0528610474744,53.23185482458206,Poor,0,Healthy,Normal
2025-04-02,73.97605677956162,71.38042455514841,79.97743089091394,1549.9443189040844,54.21586610614456,Poor,0,Healthy,Normal
2024-05-12,51.74515095803494,76.54904111153478,87.4608519249763,1344.4957325693888,46.57312405919652,Poor,0,Healthy,Normal
2026-09-17,68.55705289732748,88.67746120626305,83.08036189402071,1436.3950801477115,45.76240317977297,Good,0,Healthy,Normal
2025-01-07,58.82825564060039,66.44521444508264,74.73594243041073,1521.0120869114703,41.90396480078354,Fair,0,Healthy,Normal
2024-07-04,62.48972887823695,63.87260309721572,82.08356447299353,1518.28505353284,44.35921369263272,Good,0,Healthy,Normal
2024-02-11,67.56892975456104,73.09028611783629,100.0,1542.8167883019876,61.35565640180599,Poor,0,Healthy,Normal
2025-09-15,60.51678886342396,75.05190217271276,71.30792799552555,1281.975883550877,46.25177943378194,Poor,0,Healthy,Normal
2024-04-18,66.85572936685655,66.37608887970508,75.865897874729,1488.324207345594,61.67782061659807,Poor,0,Healthy,Normal
2025-05-06,61.16671706108326,66.70265718454851,83.59587886979801,1470.9652012657864,49.54588782067762,Poor,0,Healthy,Normal
2024-02-26,72.93008408072676,62.57310700703891,96.33033374656269,1353.5934150358123,48.48214904964416,Fair,0,Healthy,Normal
2025-04-08,62.3698257866621,57.07994248077253,85.97152711753695,1464.0871907993696,41.3722423595688,Poor,0,Healthy,Normal
2025-12-03,68.43532897929458,78.79924515567161,63.88419750486449,1497.3130815970153,44.68545448640785,Good,0,Healthy,Normal
2025-07-31,68.7896092496181,74.11304643274123,93.48608833296412,1486.8327040875588,56.686548047579066,Fair,0,Healthy,Normal
2024-01-25,72.0139715546805,61.58889362324632,80.8685709380027,1664.2841719357482,40.09463674869312,Good,0,Healthy,Normal
2025-02-09,65.7759534192949,74.95058958800581,66.32869784289099,1450.641263319356,46.96273971223335,Fair,0,Healthy,Normal
2026-08-01,68.34420065273109,74.03166764688699,78.84202072005897,1425.4178608650154,52.49548189598077,Fair,0,Healthy,Normal
2026-06-06,66.42901643397366,64.92907624944304,80.53388983074427,1497.4556080554069,34.05244041836667,Fair,0,Healthy,Normal
2026-07-17,61.019315984067525,64.29961901520323,60.56395737830235,1463.7817620404612,49.17284976103507,Poor,0,Healthy,Normal
2024-12-05,64.81893343539168,76.64248401572183,73.79618836046401,1483.9401544213824,58.47421677150422,Fair,1,Healthy,Normal
2024-02-21,61.461652671906094,72.66291656887736,82.74634053429337,1430.4802146316438,49.404746439382,Poor,0,Healthy,Normal
2026-09-24,71.2716918037867,74.3860037607129,80.38434957216452,1553.680068087813,73.9436190058245,Good,0,Healthy,Normal
2026-07-11,63.42351672356938,64.35386379600172,77.46083615316408,1439.8289979645342,64.81960768436537,Good,0,Healthy,Normal
2026-04-02,67.63268341836154,67.1355357628432,68.50173114502563,1506.3126172639272,50.12828643543685,Good,0,Healthy,Normal
2024-09-21,65.74333728601056,67.97748417329177,68.8659733645906,1193.6703369988195,78.11823181458772,Good,0,Healthy,Normal
2025-07-05,59.78977793878448,67.07678247283043,71.48078682183491,1442.250295035191,37.038833357501055,Fair,0,Healthy,Normal
2026-08-02,59.08471907632806,68.48342046942288,85.29413100955325,1559.7526445303058,50.15182942540433,Poor,0,Healthy,Normal
2025-04-25,70.62176679935251,67.99553661412035,80.646059258936,1423.525174598091,49.76447849125762,Poor,0,Healthy,Normal
2025-02-10,58.27064538263392,65.08445284167101,70.23779126455341,1565.5791885534547,52.62561329001925,Good,0,Healthy,Normal
2024-01-19,61.48973453061324,68.03402712041338,71.07891846867842,1390.2363788900911,52.96120277064576,Good,0,Healthy,Normal
2025-12-26,61.3596145107234,72.24009135826839,78.12378210466572,1589.4551374062312,37.42131844091112,Fair,0,Healthy,Normal
2025-08-05,56.80257918737283,67.64517336363477,84.96570510579447,1465.0128465578853,56.40479795200824,Good,0,Healthy,Normal
2025-10-26,65.39288514859575,57.22759543351113,79.58168114788698,1426.5209081462394,38.46667596794255,Fair,0,Healthy,Normal
2025-01-03,68.96744360276107,59.50880816057092,88.04340242878152,1375.3131008973244,60.32546204341657,Poor,0,Healthy,Normal
2024-03-24,65.33759240705055,82.36448754929192,92.55340842443204,1481.3276888640694,59.71570950954356,Fair,0,Healthy,Normal
2024-03-02,62.04214305582085,73.28258428702023,72.97807347566106,1483.6739097579584,60.9877685198719,Good,0,Healthy,Normal
2026-09-13,71.89234813730752,70.69494752336168,78.89604524091988,1333.4684243298657,38.020335707827385,Poor,0,Healthy,Normal
2024-09-29,72.35585163746805,68.7440579370888,68.30927261340084,1237.1463956188893,79.94384460263136,Good,0,Healthy,Normal
2024-10-12,68.67438893024908,73.97728761200447,86.73473857485325,1127.6145795925695,79.53168052044154,Good,0,Healthy,Normal
2024-12-27,65.46643226252701,63.45760553534292,89.10932379746271,1521.2464326976967,50.18849622944848,Fair,1,Healthy,Normal
2024-12-21,63.40794828639302,69.03920322660015,81.71340076450466,1490.4283819300017,42.48030668261181,Poor,1,Healthy,Normal
2025-12-09,60.840225412527744,66.17030364082903,66.84624371683879,1420.032380107558,71.24771403016962,Poor,0,Healthy,Normal
2024-10-05,69.98023842902909,65.45922946858323,60.78189333258156,1235.2516183048426,85.77320161157864,Poor,0,Healthy,Normal
2024-01-13,62.60412881077355,68.8860461400171,63.93665025993972,1410.2845031939496,58.125258223941984,Fair,0,Healthy,Normal
2024-07-01,70.36815874929886,63.84090820353364,76.32969674146877,1447.490938879562,61.950466289248425,Poor,0,Healthy,Normal
2025-01-04,70.63352568413792,63.45420141870881,70.89185712045415,1417.0721498635548,47.850789697112646,Poor,0,Healthy,Normal
2025-03-25,62.56385717943224,65.94575152503033,75.34152417488025,1418.45655458529,39.14174871114815,Good,0,Healthy,Normal
2025-09-20,59.98891490536638,65.48538857588179,60.33214809384323,1462.3948389835773,59.75312458477979,Fair,0,Healthy,Normal
2024-08-11,61.22862074990321,69.61516992044204,78.2876241030348,1418.9387675688154,65.71920754235285,Good,0,Healthy,Normal
2025-08-09,70.67810073591473,63.36223892553019,66.75485838472326,1454.3557707570224,44.71022291935985,Poor,0,Healthy,Normal
2026-01-12,62.07036163341122,71.97464067226078,87.52842634427483,1466.3831537774888,43.07749670734104,Poor,0,Healthy,Normal
2025-10-21,57.27135106654633,79.53903386908411,80.74071220894001,1604.969598385935,36.57872251514885,Fair,0,Healthy,Normal
2026-02-09,61.00029746649033,58.55198717726016,71.069472429386,1575.122386890642,63.93454527524432,Poor,0,Healthy,Normal
2025-08-19,58.56418215707875,61.61729088932205,69.16400673653995,1577.8784138264489,34.806539245231576,Fair,0,Healthy,Normal
2025-09-14,67.16131475317077,72.82026512420921,67.92374105177974,1446.586960186797,48.89334631442671,Good,0,Healthy,Normal
2024-06-25,67.95327415346155,76.65222148349744,83.20482181197364,1538.0455523330477,60.666746895891535,Poor,0,Healthy,Normal
2026-02-17,69.4375198370703,74.56507992586887,75.60085994615163,1529.1234004067587,62.49504900706159,Fair,0,Healthy,Normal
2025-10-02,58.597722144987664,71.13687892732648,85.07443973195198,1405.8807998998282,51.84710474781083,Poor,0,Healthy,Normal
2026-07-09,58.03632263916502,69.79269625627622,58.83286625051986,1482.79632511084,47.513841462333225,Good,0,Healthy,Normal
2025-05-01,67.49842555151467,72.83201362551564,75.75955267916088,1555.701181376979,54.82248952680657,Fair,0,Healthy,Normal
2026-08-15,59.06831786445073,73.5271353288264,81.1973878470287,1356.6512331253125,50.9297924652941,Poor,0,Healthy,Normal
2024-06-12,63.18580719780171,67.32698487159537,89.533844771177,1618.4679109298036,44.77139972846732,Fair,0,Healthy,Normal
2024-09-05,71.13834496236646,62.742153887852766,91.72572386837705,1310.9010204013002,66.94988144241591,Fair,0,Healthy,Normal
2026-01-02,63.16735816185316,71.99564506194518,84.33128072341069,1543.5785023645851,60.651719657143865,Good,1,Healthy,Normal
2026-06-07,67.1034981550924,66.53247533900374,83.81146720813369,1500.0994266550804,53.95420985388038,Poor,0,Healthy,Normal
2025-01-11,70.86562318793321,72.21785315318856,73.92697855995772,1533.578769435771,34.291238479315005,Poor,0,Healthy,Normal
2025-02-17,72.26233767235372,71.96046858761392,78.00474359610828,1546.6655358032551,38.61166882219231,Good,0,Healthy,Normal
2024-03-15,75.76591228755778,65.3959146226717,83.72320636720679,1513.7506504303765,71.89802933217672,Poor,0,Healthy,Normal
2024-04-23,63.90449735595568,74.97643348710093,52.88864690992115,1517.6710918581423,57.708651938869664,Fair,0,Healthy,Normal
2025-08-06,64.04748447001094,71.94434216932936,63.523086101843326,1506.3907087225425,20.088640290992767,Poor,0,Healthy,Normal
2025-07-28,63.562762402998224,71.72397342641806,74.54487754698758,1468.1822749951468,44.30167071761241,Good,0,Healthy,Normal
2025-01-26,69.73763231061429,65.36273399305834,79.07052287124534,1427.1257449094037,36.20381835211069,Good,0,Healthy,Normal
2024-04-14,66.2986125086074,64.57410024937354,81.38592458777374,1375.385995329828,49.33920201352684,Fair,0,Healthy,Normal
2024-04-24,57.60706877110079,76.86252425924158,78.38496407494414,1468.85340645744,56.32781866106285,Fair,0,Healthy,Normal
2025-02-22,68.70412172710063,66.92071860117049,72.71400084659982,1425.4237969043616,24.37666341204689,Poor,0,Healthy,Normal
2025-03-06,60.824285491849885,82.53723233016864,58.923389728819416,1513.8555434171794,70.2360621922964,Good,0,Healthy,Normal
2025-02-14,61.91174052282825,68.1035628638377,81.15771149771142,1590.2913327876613,48.60553724319001,Fair,0,Healthy,Normal
2024-04-02,68.07083350021712,74.54504626028383,69.69498852389472,1456.8136319516489,47.24948302848356,Fair,0,Healthy,Normal
2026-03-26,64.3134451710556,75.74674968683743,77.07603351400626,1523.0757490050837,39.044806111544375,Poor,0,Healthy,Normal
2024-03-30,69.77571160250619,64.08564372198674,80.04046515517844,1460.230678622067,42.07127167737656,Good,0,Healthy,Normal
2024-12-03,65.89790890969799,72.10378059564135,79.89187130147664,1547.6041101421326,61.09699841956223,Good,0,Healthy,Normal
2026-09-15,63.89478768231475,70.41621881594841,76.92596918731306,1679.4082226455494,29.006437355809744,Good,0,Healthy,Normal
2026-07-12,63.58390980527384,66.60654179275606,70.28684278848883,1553.8813067603733,48.422530167685146,Fair,0,Healthy,Normal
2026-07-23,76.94185996435219,77.10553987117704,82.22826894985512,1508.3849368652543,60.07157200596669,Fair,0,Healthy,Normal
2025-09-11,62.9425342771891,69.46459507467131,74.62429355020518,1370.1599022416306,64.94938227453235,Good,0,Healthy,Normal
2026-04-07,62.45393318700432,64.92184168067816,69.1509234658223,1464.0931071358734,53.59475797547125,Good,0,Healthy,Normal
2026-04-16,74.34408920271926,72.5182336501436,77.7658150559105,1500.6417060618264,34.291185428740874,Good,0,Healthy,Normal
2024-04-04,61.78710735948486,71.86750092726122,100.0,1471.333786781987,48.72082408519233,Good,1,Healthy,Normal
2024-01-12,69.65640059558099,64.96469486066417,71.90787624148786,1524.8447573552671,59.75545127122359,Fair,0,Healthy,Normal
2025-02-01,69.6878506881328,60.35464081378616,67.37275221433785,1442.3143237659526,40.60096898891136,Poor,0,Healthy,Normal
2025-05-22,77.47691877837158,78.62792206582185,70.91899160839779,1425.3138453907327,56.51136241823657,Poor,0,Healthy,Normal
2024-02-13,63.81590696629996,67.08781871302538,75.81874139386322,1673.5993925005132,31.32734807408252,Poor,0,Healthy,Normal
2024-02-12,69.770008817466,73.90834750783479,71.84730755359655,1556.9226915369952,42.27174785462428,Fair,0,Healthy,Normal
2024-11-26,71.48497273280555,69.8627916262067,65.0069776770509,1462.1418809078837,58.40620026504553,Poor,0,Healthy,Normal
2024-06-16,66.91204873092025,70.99871324927834,79.92451264008149,1521.6876482930863,74.55300139910895,Good,0,Healthy,Normal
2025-03-30,67.09199110444342,78.40959155767858,81.50450092536138,1387.2689773680136,60.51947617722919,Good,0,Healthy,Normal
2026-05-29,66.11576527373849,73.31131583093293,81.80230208417629,1354.743547312315,42.38644730191059,Fair,0,Healthy,Normal
2026-03-16,61.476357821945584,60.77449122130495,73.55095420918569,1466.554221460413,51.13140457053023,Poor,0,Healthy,Normal
2026-04-26,62.00781209709477,64.20047265408812,74.31876574832047,1527.2977973139557,70.93197932209945,Poor,0,Healthy,Normal
2024-04-10,65.24260813972414,65.01429930153377,77.70456825779839,1496.2321417913147,47.6105195313359,Fair,0,Healthy,Normal
2025-03-03,67.78845530362562,63.33125225837781,77.46504778432005,1537.366631137259,61.40149038521267,Fair,0,Healthy,Normal
2024-06-27,65.3821981360398,65.09838597407658,78.68673308872901,1538.353555878219,50.28744822934817,Poor,1,Healthy,Normal
2025-03-21,72.55577465123673,61.29294585969065,74.87911052153946,1406.070491669016,53.63631882624968,Fair,0,Healthy,Normal
2025-02-21,68.01593715541172,66.73531598731485,73.37207093927705,1503.068938154679,39.97812544218528,Good,0,Healthy,Normal
2025-10-22,58.17087922292281,69.10618414139621,80.02784426895194,1634.7270617195225,57.060789138151314,Poor,0,Healthy,Normal
2026-06-04,71.41908429926781,77.76991350890174,80.44220352340346,1563.4352154422195,55.14062552424776,Fair,0,Healthy,Normal
2026-02-27,66.21441006575138,57.50740778086608,80.53149156379209,1458.884977637492,69.23445794824953,Poor,0,Healthy,Normal
2024-06-26,70.84647795222837,78.29295394622517,81.48709887589642,1487.4661439762358,51.46713686433323,Poor,0,Healthy,Normal
2025-01-31,55.53192666523107,71.27976224423763,75.01205475362224,1438.7183526698857,56.59245668432405,Good,0,Healthy,Normal
2025-11-18,64.59560751067269,70.3135509429849,64.39394933603398,1446.2237888154048,37.15415734300031,Good,0,Healthy,Normal
2026-03-11,68.50350306060292,86.88792666683531,73.95657207013107,1529.4980287503993,42.61942916338609,Poor,0,Healthy,Normal
2025-11-25,66.61487251808835,69.6339761688677,80.0024046943657,1459.9799770170623,62.20821298813048,Good,0,Healthy,Normal
2025-01-19,66.34563470622554,67.94084634701554,81.21571889856051,1472.2792247967277,53.77100393902187,Good,0,Healthy,Normal
2024-09-14,66.60848903098007,65.99145727814171,84.92042349536523,1232.6218771274628,70.94254840507156,Good,0,Healthy,Normal
2025-07-06,62.71939586262906,71.08855972068383,80.95029465835565,1458.193271016876,45.87002177856566,Fair,0,Healthy,Normal
2024-12-02,65.63189789773206,81.6335739943497,64.99668675394426,1449.169127210636,55.13907849658915,Fair,0,Healthy,Normal
2025-09-19,62.920165360263205,64.32552363581931,81.08246191684968,1401.215106004006,57.760279138434754,Poor,0,Healthy,Normal
2024-01-16,63.50496324767066,70.55056465921301,55.12431085399108,1483.5246084121866,53.57112571511746,Good,0,Healthy,Normal
2024-01-04,62.188562353795135,63.923013277993455,78.14247332595274,1431.8981943359092,35.87696298664709,Poor,0,Healthy,Normal
2025-10-06,66.83809920104855,70.88853651878966,66.18931663338708,1446.5834427263212,61.86734620177331,Poor,0,Healthy,Normal
2024-09-13,65.40914679273783,69.40666208085314,84.19076482987768,1229.8868684426282,80.67392314071903,Fair,0,Healthy,Normal
2025-07-13,57.97405076598213,69.68557329653518,92.04105516255493,1593.5168786651038,49.379959906339685,Poor,0,Healthy,Normal
2026-05-30,60.60868373588266,70.59932172645527,79.80744579767983,1612.2532805584483,45.05034519631927,Poor,0,Healthy,Normal
2025-12-18,66.75739950176101,58.13064850375114,75.4693490206037,1642.3325262559483,40.521072827310135,Good,0,Healthy,Normal
2025-04-29,61.08117167206802,65.85675368610245,65.83808084518758,1437.6133343827166,49.328217099506446,Good,0,Healthy,Normal
2025-01-29,66.75724103770791,76.42090142989856,74.7347874075094,1433.8594011579212,48.36933036056236,Poor,0,Healthy,Normal
2024-08-10,68.19365111014592,63.1419705236171,91.33431532301096,1320.6985052190407,64.02635465239032,Poor,0,Healthy,Normal
2024-06-28,65.23218274078074,61.84086315412048,82.46253566027221,1548.4113135855807,71.6325472330546,Fair,0,Healthy,Normal
2024-10-16,68.36590675634979,69.16926409609735,62.75701763710634,1088.0089464307007,85.994795457907,Good,0,Healthy,Normal
2025-08-31,61.334835022380055,80.90837153534694,82.75155494034783,1541.4780064389267,52.34024454353148,Good,0,Healthy,Normal
2024-11-21,59.66233542872864,70.14531674003655,89.12220555415429,1494.0268956565717,54.52371796249734,Poor,0,Healthy,Normal
2026-08-08,67.4309239578097,58.30376946806546,54.496425427158,1555.4385371026176,55.07020272135357,Good,0,Healthy,Normal
2024-01-10,61.40077895802646,67.23616737424128,85.57122226218915,1525.7713717176343,32.36959844637266,Fair,0,Healthy,Normal
2024-09-06,64.72115461171147,73.34996147513033,75.76005391412411,1313.9669146167564,65.29326406920634,Good,0,Healthy,Normal
2024-01-23,65.30115104970513,84.77945267491171,73.07639035218878,1522.616050675021,49.65288230294757,Good,0,Healthy,Normal
2024-12-23,57.43142803693586,59.18116194246433,59.15864056994511,1520.0344988258612,55.08725023229934,Good,0,Healthy,Normal
2024-08-09,64.71190601483207,71.2065942802898,85.50654396007612,1483.1908349386224,72.3703030556038,Good,0,Healthy,Normal
2025-12-12,68.02060444794259,83.82183251262873,60.20555776860276,1594.4424929840095,61.46440870400728,Poor,0,Healthy,Normal
2026-05-15,62.2697910059164,63.4472727979086,76.35338347892291,1574.583553163168,56.46006187114551,Fair,0,Healthy,Normal
2026-09-10,59.85094075729077,69.25993561572334,78.09047443032654,1450.8234210403916,47.64288755143332,Poor,0,Healthy,Normal
2026-07-20,57.77397367793887,73.99761803226114,80.77978523639557,1543.3022643829995,48.71340553647944,Poor,0,Healthy,Normal
2024-12-07,63.702266612080415,74.43286288532502,81.15367484013053,1429.8420973466552,60.85982116175032,Poor,0,Healthy,Normal
2025-03-08,53.94069044335247,79.20060220777795,60.76042847549855,1480.001075307419,45.70755579701338,Fair,0,Healthy,Normal
2025-07-19,66.10270713506934,77.30775491383335,69.86803635486604,1446.1560831939298,47.69475374819749,Good,0,Healthy,Normal
2026-04-18,72.17543699611117,67.91618626625294,89.53275476042545,1494.1327005706112,31.581022270421425,Fair,0,Healthy,Normal
2025-08-15,65.36018430641873,68.7267461805931,65.48081539977764,1505.8110388889147,52.57752540142751,Fair,0,Healthy,Normal
2024-07-22,67.18161834837016,70.2280208690092,76.20031326718261,1532.099723323188,41.27207434801595,Fair,0,Healthy,Normal
2025-10-05,55.710492743008565,73.61948500342837,77.98158465990525,1547.8995126482328,60.581183250871504,Good,0,Healthy,Normal
2025-03-22,69.4344369504865,67.47542923791369,48.95786143372866,1514.921111009737,54.36738551733509,Good,0,Healthy,Normal
2024-08-25,71.82070214986922,70.75134701588745,70.70594458874747,1341.6541860146776,73.93298029036387,Poor,0,Healthy,Normal
